[{"id":"user-image-1000_F_609108572_DiJMRfZwFFS3iBkI1whXZVQKdl0qdYNc.jpg","fileName":"1000_F_609108572_DiJMRfZwFFS3iBkI1whXZVQKdl0qdYNc.jpg","name":"1000_F_609108572_DiJMRfZwFFS3iBkI1whXZVQKdl0qdYNc","publicUrl":"https://assets.nicepagecdn.com/c65cbd52/5624841/images/1000_F_609108572_DiJMRfZwFFS3iBkI1whXZVQKdl0qdYNc.jpg","size":251416,"hash":"VUqfaRjhLuRfE4/I535rtMipCPE=","width":1000,"height":667,"folderId":null,"thumbnail":{"url":"https://assets.nicepagecdn.com/c65cbd52/5624841/images/thumbnails/1000_F_609108572_DiJMRfZwFFS3iBkI1whXZVQKdl0qdYNc.jpg","width":150,"height":100},"usages":["5624868"]},{"id":"user-image-stock-photo-three-diverse-school-children-in-chemistry-science-class-use-digital-tablet-computer-with-augmented-1795173820.jpg","fileName":"stock-photo-three-diverse-school-children-in-chemistry-science-class-use-digital-tablet-computer-with-augmented-1795173820.jpg","name":"stock-photo-three-diverse-school-children-in-chemistry-science-class-use-digital-tablet-computer-with-augmented-1795173820","publicUrl":"https://assets.nicepagecdn.com/c65cbd52/5624841/images/stock-photo-three-diverse-school-children-in-chemistry-science-class-use-digital-tablet-computer-with-augmented-1795173820.jpg","size":1179002,"hash":"WaPnuN/eMmTJDOkz+b1dednP6/4=","width":1500,"height":945,"folderId":null,"thumbnail":{"url":"https://assets.nicepagecdn.com/c65cbd52/5624841/images/thumbnails/stock-photo-three-diverse-school-children-in-chemistry-science-class-use-digital-tablet-computer-with-augmented-1795173820.jpg","width":150,"height":95},"usages":["5624868"]},{"id":"user-image-1692189586511.jpg","fileName":"1692189586511.jpg","name":"1692189586511","publicUrl":"https://assets.nicepagecdn.com/c65cbd52/5624841/images/1692189586511.jpg","size":49849,"hash":"iAJGoKI03uCE6XNltC4iH64FUpI=","width":1000,"height":1000,"folderId":null,"thumbnail":{"url":"https://assets.nicepagecdn.com/c65cbd52/5624841/images/thumbnails/1692189586511.jpg","width":150,"height":150},"usages":[]},{"id":"user-image-ARStudyHub.png","fileName":"ARStudyHub.png","name":"ARStudyHub","publicUrl":"https://assets.nicepagecdn.com/c65cbd52/5624841/images/ARStudyHub.png","size":34648,"hash":"GZh8YHYdOlyQn/Q5Hi9XHOgPC4M=","width":500,"height":500,"folderId":null,"thumbnail":{"url":"https://assets.nicepagecdn.com/c65cbd52/5624841/images/thumbnails/ARStudyHub.png","width":150,"height":150},"usages":[]}]